bank,file,field,before,after,reason,reviewer_id,at
FABMISR,20250916_101412_8u21o1.jpg,cheque_number,,11637604,,dev,2025-09-16T10:15:26.170389+00:00
FABMISR,20250916_104226_3j9ml9.jpg,name,هملابةكرش,ه ملاب ةكرش,,dev,2025-09-16T10:53:34.518686+00:00
FABMISR,20250916_104059_4o9mbv.jpg,name,رمحتلل زليهملابةكرش,ه ملاب ةكرش,,dev,2025-09-16T10:54:13.369486+00:00
FABMISR,20250916_104059_4o9mbv.jpg,cheque_number,11637510,11637410,,dev,2025-09-16T10:54:13.369486+00:00
QNB,20250916_115329_vw2l0g.jpg,name,ﺵﺮﻛﺓ ﺏﻼﻣ ﻪﻴﻟﺯ ﻞﻠﺘﻌﻤﻳﺭ,ﺵﺮﻛﺓ ﺏالم هﻴﻟﺯ ﻞﻠﺘﻌﻤﻳﺭ,,dev,2025-09-16T11:57:52.588072+00:00
QNB,20250916_115446_dbabv1.jpg,name,ﺵﺮﻛﺓ ﺏﻼﻤﻬﻴﻟﺯ ﻞﻠﺘﻌﻤﻳﺭ,شركة بلام هيلز للتعمير,,dev,2025-09-16T12:05:51.723761+00:00
QNB,20250916_132948_djrydz.jpg,name,شركة بالم هيلزل,شركة بالم هيلز للتعمير,,dev,2025-09-16T14:10:03.336897+00:00
QNB,20250916_133320_6op1b3.jpg,date,,2026/06/30,,dev,2025-09-16T14:10:38.176793+00:00
QNB,20250916_133320_6op1b3.jpg,date,2026/06/30,2026-06-30,,dev,2025-09-16T14:10:53.018387+00:00
QNB,20250916_133413_d8xavx.jpg,date,,2024-07-31,,dev,2025-09-16T14:11:10.575472+00:00
QNB,20250916_133513_oz73e3.jpg,name,شركةبالم هيلزللتعمير,شركةبالم هيلز للتعمير,,dev,2025-09-16T14:11:27.468291+00:00
QNB,20250916_133544_5nooud.jpg,date,,2027-03-31,,dev,2025-09-16T14:11:44.144732+00:00
QNB,F1,cheque_number,12345,12346,typo,user1,2025-09-24T08:52:59.385163+00:00
FABMISR,TEST-1,date,2025-01-01,2025-01-02,typo,tester,2025-09-24T08:52:59.704324+00:00
QNB,F1,cheque_number,12345,12346,typo,user1,2025-09-24T08:58:56.545374+00:00
FABMISR,TEST-1,date,2025-01-01,2025-01-02,typo,tester,2025-09-24T08:58:56.693944+00:00
QNB,F1,cheque_number,12345,12346,typo,user1,2025-09-24T09:06:06.504016+00:00
FABMISR,TEST-1,date,2025-01-01,2025-01-02,typo,tester,2025-09-24T09:06:06.655583+00:00
QNB,F1,cheque_number,12345,12346,typo,user1,2025-09-24T09:12:54.227430+00:00
FABMISR,TEST-1,date,2025-01-01,2025-01-02,typo,tester,2025-09-24T09:12:54.387727+00:00
QNB,F1,cheque_number,12345,12346,typo,user1,2025-09-24T09:19:41.500984+00:00
FABMISR,TEST-1,date,2025-01-01,2025-01-02,typo,tester,2025-09-24T09:19:41.686737+00:00
QNB,F1,cheque_number,12345,12346,typo,user1,2025-09-24T09:20:02.364753+00:00
FABMISR,TEST-1,date,2025-01-01,2025-01-02,typo,tester,2025-09-24T09:20:02.455188+00:00
QNB,F1,cheque_number,12345,12346,typo,user1,2025-09-24T09:28:49.831367+00:00
FABMISR,TEST-1,date,2025-01-01,2025-01-02,typo,tester,2025-09-24T09:28:50.106662+00:00
QNB,F1,cheque_number,12345,12346,typo,user1,2025-09-24T09:37:17.278781+00:00
FABMISR,TEST-1,date,2025-01-01,2025-01-02,typo,tester,2025-09-24T09:37:17.437641+00:00
QNB,F1,cheque_number,12345,12346,typo,user1,2025-09-24T10:22:30.404802+00:00
FABMISR,TEST-1,date,2025-01-01,2025-01-02,typo,tester,2025-09-24T10:22:31.880993+00:00
QNB,F1,cheque_number,12345,12346,typo,user1,2025-09-24T10:23:32.138487+00:00
FABMISR,TEST-1,date,2025-01-01,2025-01-02,typo,tester,2025-09-24T10:23:33.285269+00:00
QNB,F1,cheque_number,12345,12346,typo,user1,2025-09-24T10:36:43.927641+00:00
FABMISR,TEST-1,date,2025-01-01,2025-01-02,typo,tester,2025-09-24T10:36:45.212275+00:00
QNB,F1,cheque_number,12345,12346,typo,user1,2025-09-24T10:38:28.449372+00:00
FABMISR,TEST-1,date,2025-01-01,2025-01-02,typo,tester,2025-09-24T10:38:29.568519+00:00
QNB,F1,cheque_number,12345,12346,typo,user1,2025-09-24T10:45:57.181793+00:00
NBE,F123,date,2025-01-01,2025-01-02,fix,test,2025-09-24T10:45:57.557127+00:00
FABMISR,TEST-1,date,2025-01-01,2025-01-02,typo,tester,2025-09-24T10:45:58.352818+00:00
QNB,F1,cheque_number,12345,12346,typo,user1,2025-09-24T10:53:04.361797+00:00
NBE,F123,date,2025-01-01,2025-01-02,fix,test,2025-09-24T10:53:04.699153+00:00
FABMISR,TEST-1,date,2025-01-01,2025-01-02,typo,tester,2025-09-24T10:53:05.462754+00:00
QNB,F1,cheque_number,12345,12346,typo,user1,2025-09-24T10:59:32.402547+00:00
NBE,F123,date,2025-01-01,2025-01-02,fix,test,2025-09-24T10:59:32.726355+00:00
FABMISR,TEST-1,date,2025-01-01,2025-01-02,typo,tester,2025-09-24T10:59:32.942362+00:00
QNB,F1,cheque_number,12345,12346,typo,user1,2025-09-24T11:01:11.531549+00:00
NBE,F123,date,2025-01-01,2025-01-02,fix,test,2025-09-24T11:01:11.846295+00:00
FABMISR,TEST-1,date,2025-01-01,2025-01-02,typo,tester,2025-09-24T11:01:12.059995+00:00
QNB,F1,cheque_number,12345,12346,typo,user1,2025-09-24T11:14:49.843350+00:00
NBE,F123,date,2025-01-01,2025-01-02,fix,test,2025-09-24T11:14:50.210094+00:00
FABMISR,TEST-1,date,2025-01-01,2025-01-02,typo,tester,2025-09-24T11:14:50.428162+00:00
QNB,F1,cheque_number,12345,12346,typo,user1,2025-09-24T13:06:37.863159+00:00
NBE,F123,date,2025-01-01,2025-01-02,fix,test,2025-09-24T13:06:38.213866+00:00
FABMISR,TEST-1,date,2025-01-01,2025-01-02,typo,tester,2025-09-24T13:06:38.568019+00:00
QNB,F1,cheque_number,12345,12346,typo,user1,2025-09-24T13:15:44.503798+00:00
NBE,F123,date,2025-01-01,2025-01-02,fix,test,2025-09-24T13:15:44.867156+00:00
FABMISR,TEST-1,date,2025-01-01,2025-01-02,typo,tester,2025-09-24T13:15:45.160769+00:00
